artist_name,songs_count
Marina Rei,1
Stive Morgan,1
unknown,18
Rixton,1
Henry Hall & His Gleneagles Hotel Band,1
Andrew Paul Woodworth,1
Pillar Point,1
Steve Campbell,1
David Civera,1
Lumipa Beats,1
Henning Wehland,1
Пётр Каледин,1
ChinKong,1
Albatraoz,1
Pugs Atomz,1
Zak Moore,1
Kendra Springer,1
Nathalie Cardone,1
Snowday,1
Swords,1
Montezuma's Revenge,1
Музыка для изучения,1
A-Life,1
Peter Holzmann,1
Heathers,1
IRISHA,1
Tigerlily,1
Orinoco Haven,1
Yngnfrsh,1
Sen-dla & Lotus,1
Merwan Rim,1
Watchout! Theres Ghosts,1
The Jeremy Spencer Band,1
The Rubix Cube's,1
Luca Turilli's Rhapsody,1
Мария  Матвеева,1
Lou Reed,1
Emanuel Borok Cullan Bryant,1
Echoes The Fall,1
Psycho 44,1
Чёрный Кузнец,1
Ming,1
Zcr,1
Limousine,1
Дуэт «Алмас»,1
Ricardo Piedra,1
Лінія Маннергейма,1
Hellogoodbye,1
The Contemporary Noise Sextet,1
The Rock Kid Heroes,1
Meditation Spa Society,1
Red Nose Rudolph,1
Sweet Dreams Project (Dj Sergey Zevs and Kristina Dolce),1
Matt Sadler,1
Loon,1
Domo Wilson,1
Blex,1
Cypress Spring,1
Кооперативыништяк,1
Lionrock,1
Shirley Holmes,1
KHARO,1
Koufequin,1
PUNXXX,1
NeuRuTics,1
Ritmo Natural,1
Kake Randelin,1
Serious Black,1
Ana Cañas,1
Jennifer Warnes,1
Delroy Edwards,1
Otherland,1
Maurice Moore,1
Aaliyah Palmen,1
Dadafon,1
Blinding Lights,1
Stephen Provost,1
Saltimbankya,1
Susanna Hoffs,1
Sds,1
Walter Kemp3oh!,1
Trst.,1
D. Rogers,1
Tapani Kansa,1
Sofi Lapina,1
Nino Nardini,1
Витя CLassic x Kaip,1
Ameritz - Tribtues,1
Francis Lay,1
Christian,1
Openfieldz,1
Acoustic Café,1
Circle of Song- Kate Marks and Friends,1
Ils,1
Kevin Over,1
We Are Action,1
TaRuta,1
Gregg Kofi Brown,1
Ayla,1
Pranayama,1
110% Hits,1
The Kovenant,1
Summer Love,1
ZOLOTO,1
O.S.T.R.,1
Nadine Bryant,1
Skaльпель,1
Ivan Spell,1
OB,1
Martin Stock,1
Катя Разумовская,1
Sin Ensayo,1
Christy Baron,1
Любовные истории,1
Агенты Кремля,1
Gotham City,1
Young A.C.,1
ILoveMakonnen,1
Солоинк Эпик,1
General Ghost,1
Vivaz Danilo Secli & Santoro feat. Cesco & Puccia,1
XUITCASECITY,1
Joe Walsh,1
Luisa-Sophie,1
Axis,1
Psychic Ills,1
Violinbwoy,1
Razika,1
Superheaven,1
The Soup Dragons,1
cheezystack,1
Night Dreamers,1
Le French,1
Jeff Golub,1
Shane Dawson,1
Gym Class Heroes,1
Il Bambino di Napoli,1
Max Him,1
Zonder,1
Alison Vardy,1
Golden Blue,1
Wormrot,1
Dr Fresch,1
16yrold,1
Softcore Express,1
LETAY,1
Chill Out Music 2017,1
Tomorrowland,1
Michael Ganian,1
Сергей Дружко,1
Musica para Meditar,1
Sechem,1
OD Odyssey,1
Joe Maize,1
The Fire Men,1
Luka Sol,1
Thepour,1
Cantrell,1
Aeone,1
Jacintha,1
Rolf Zielke,1
Chaigo,1
Signs,1
Simona,1
Boundless,1
Dcmc,1
Johnny Nightmare,1
Jun Takahira,1
Giorgi Latso & Anna Fedorova-Latso,1
Дмитрий Дан,1
Елена Коханова,1
Christina Petrowska Quilico,1
Diamond Rio,1
Дата Карчава,1
Mike Teezy,1
Human Tetris,1
Lorne,1
Maxine Sullivan,1
Rave Allstars,1
Universe Infinity,1
